<object-stream>
  <Theatre.LinkedList>
    <head>
      <contents class="Theatre.Show">
        <showName>Phantom of the Opera</showName>
        <showRunningTime>168</showRunningTime>
        <balconyP>40</balconyP>
        <circleP>25</circleP>
        <stallsP>15</stallsP>
        <startDate class="sql-timestamp">2019-11-18 00:00:00</startDate>
        <endDate class="sql-timestamp">2019-11-21 00:00:00</endDate>
        <performances>
          <head>
            <contents class="Theatre.Performance">
              <performanceDate class="sql-timestamp">2019-11-20 00:00:00</performanceDate>
              <matinee>false</matinee>
              <evening>true</evening>
              <bookings>
                <head>
                  <contents class="Theatre.Booking">
                    <customerName>Callum</customerName>
                    <seat>B1 B2 B3 </seat>
                    <numSeats>2</numSeats>
                    <seatArea>0</seatArea>
                    <parent reference="../../../../../../.."/>
                    <date reference="../../../.."/>
                  </contents>
                  <outer-class reference="../.."/>
                </head>
                <numElements>1</numElements>
              </bookings>
            </contents>
            <outer-class reference="../.."/>
          </head>
          <numElements>1</numElements>
        </performances>
      </contents>
      <outer-class reference="../.."/>
    </head>
    <numElements>1</numElements>
  </Theatre.LinkedList>
</object-stream>